{
  "stereoset_m-CDAGPT2LMHeadModel_c-gpt2": {
    "intrasentence": {
      "gender": {
        "Count": 2313.0,
        "LM Score": 92.04717810508666,
        "SS Score": 61.692211848158884,
        "ICAT Score": 70.52247597648895
      },
      "profession": {
        "Count": 7194.0,
        "LM Score": 90.779520177932,
        "SS Score": 61.037861107260014,
        "ICAT Score": 70.73928547577756
      },
      "race": {
        "Count": 8928.0,
        "LM Score": 91.05002308837979,
        "SS Score": 59.83402873187406,
        "ICAT Score": 73.14225222660133
      },
      "religion": {
        "Count": 741.0,
        "LM Score": 90.46107040946987,
        "SS Score": 62.57365338443079,
        "ICAT Score": 67.7125475272046
      },
      "overall": {
        "Count": 6392.0,
        "LM Score": 91.05113389189516,
        "SS Score": 60.61397513330501,
        "ICAT Score": 71.72284447213916
      }
    },
    "overall": {
      "Count": 6392.0,
      "LM Score": 91.05113389189516,
      "SS Score": 60.61397513330501,
      "ICAT Score": 71.72284447213916
    }
  },
  "stereoset_m-GPT2LMHeadModel_c-gpt2": {
    "intrasentence": {
      "gender": {
        "Count": 2313.0,
        "LM Score": 92.01218436319637,
        "SS Score": 62.6460866303445,
        "ICAT Score": 68.74030327311215
      },
      "profession": {
        "Count": 7194.0,
        "LM Score": 90.74056951271717,
        "SS Score": 61.305512436683145,
        "ICAT Score": 70.22319676996246
      },
      "race": {
        "Count": 8928.0,
        "LM Score": 90.9524178709514,
        "SS Score": 58.904167347320374,
        "ICAT Score": 74.75530688362413
      },
      "overall": {
        "Count": 6392.0,
        "LM Score": 91.01442389024014,
        "SS Score": 60.42310108475473,
        "ICAT Score": 72.04137308266637
      }
    },
    "overall": {
      "Count": 6392.0,
      "LM Score": 91.01442389024014,
      "SS Score": 60.42310108475473,
      "ICAT Score": 72.04137308266637
    }
  },
  "LL_stereoset_m-CDAGPT2LMHeadModel_c-gpt2": {
    "intrasentence": {
      "gender": {
        "Count": 2313.0,
        "LM Score": 92.04717810508666,
        "SS Score": 61.692211848158884,
        "ICAT Score": 70.52247597648895
      },
      "profession": {
        "Count": 7194.0,
        "LM Score": 90.779520177932,
        "SS Score": 61.037861107260014,
        "ICAT Score": 70.73928547577756
      },
      "race": {
        "Count": 8928.0,
        "LM Score": 91.05002308837979,
        "SS Score": 59.83402873187406,
        "ICAT Score": 73.14225222660133
      },
      "overall": {
        "Count": 6392.0,
        "LM Score": 91.05113389189516,
        "SS Score": 60.61397513330501,
        "ICAT Score": 71.72284447213916
      }
    },
    "overall": {
      "Count": 6392.0,
      "LM Score": 91.05113389189516,
      "SS Score": 60.61397513330501,
      "ICAT Score": 71.72284447213916
    }
  },
  "MLL_stereoset_m-CDAGPT2LMHeadModel_c-gpt2": {
    "intrasentence": {
      "gender": {
        "Count": 2313.0,
        "LM Score": 92.17317559631402,
        "SS Score": 61.664514498772384,
        "ICAT Score": 70.67006873349207
      },
      "profession": {
        "Count": 7194.0,
        "LM Score": 91.32259408524934,
        "SS Score": 61.01529175613369,
        "ICAT Score": 71.20369372972952
      },
      "race": {
        "Count": 8928.0,
        "LM Score": 91.89787787368658,
        "SS Score": 60.3583037737104,
        "ICAT Score": 72.85975517018689
      },
      "overall": {
        "Count": 6392.0,
        "LM Score": 91.68478435776333,
        "SS Score": 60.87302945714206,
        "ICAT Score": 71.74695713588977
      }
    },
    "overall": {
      "Count": 6392.0,
      "LM Score": 91.68478435776333,
      "SS Score": 60.87302945714206,
      "ICAT Score": 71.74695713588977
    }
  },
  "LL_stereoset_m-CDAGPT2LMHeadModel_c-gpt2_s-42": {
    "intrasentence": {
      "gender": {
        "Count": 2313.0,
        "LM Score": 92.04717810508666,
        "SS Score": 61.692211848158884,
        "ICAT Score": 70.52247597648895
      },
      "profession": {
        "Count": 7194.0,
        "LM Score": 90.779520177932,
        "SS Score": 61.037861107260014,
        "ICAT Score": 70.73928547577756
      },
      "race": {
        "Count": 8928.0,
        "LM Score": 91.05002308837979,
        "SS Score": 59.83402873187406,
        "ICAT Score": 73.14225222660133
      },
      "overall": {
        "Count": 6392.0,
        "LM Score": 91.05113389189516,
        "SS Score": 60.61397513330501,
        "ICAT Score": 71.72284447213916
      }
    },
    "overall": {
      "Count": 6392.0,
      "LM Score": 91.05113389189516,
      "SS Score": 60.61397513330501,
      "ICAT Score": 71.72284447213916
    }
  },
  "MLL_stereoset_m-CDAGPT2LMHeadModel_c-gpt2_s-42": {
    "intrasentence": {
      "gender": {
        "Count": 2313.0,
        "LM Score": 92.17317559631402,
        "SS Score": 61.664514498772384,
        "ICAT Score": 70.67006873349207
      },
      "profession": {
        "Count": 7194.0,
        "LM Score": 91.32259408524934,
        "SS Score": 61.01529175613369,
        "ICAT Score": 71.20369372972952
      },
      "race": {
        "Count": 8928.0,
        "LM Score": 91.89787787368658,
        "SS Score": 60.3583037737104,
        "ICAT Score": 72.85975517018689
      },
      "overall": {
        "Count": 6392.0,
        "LM Score": 91.68478435776333,
        "SS Score": 60.87302945714206,
        "ICAT Score": 71.74695713588977
      }
    },
    "overall": {
      "Count": 6392.0,
      "LM Score": 91.68478435776333,
      "SS Score": 60.87302945714206,
      "ICAT Score": 71.74695713588977
    }
  },
  "stereoset_m-CDAGPT2LMHeadModel_c-gpt2_s-42": {
    "intrasentence": {
      "gender": {
        "Count": 2313.0,
        "LM Score": 91.54174252645018,
        "SS Score": 60.566144889408264,
        "ICAT Score": 72.1968762271826
      },
      "profession": {
        "Count": 7194.0,
        "LM Score": 90.53020539993061,
        "SS Score": 60.558126438407804,
        "ICAT Score": 71.41361829778067
      },
      "race": {
        "Count": 8928.0,
        "LM Score": 91.04647474839602,
        "SS Score": 59.53192589964091,
        "ICAT Score": 73.68950973389126
      },
      "overall": {
        "Count": 6392.0,
        "LM Score": 90.88003662528206,
        "SS Score": 60.13905063810856,
        "ICAT Score": 72.45129075854415
      }
    },
    "overall": {
      "Count": 6392.0,
      "LM Score": 90.88003662528206,
      "SS Score": 60.13905063810856,
      "ICAT Score": 72.45129075854415
    }
  },
  "LL_NM_stereoset_m-CDAGPT2LMHeadModel_c-gpt2_s-42": {
    "intrasentence": {
      "gender": {
        "Count": 2313.0,
        "LM Score": 91.54174252645018,
        "SS Score": 60.566144889408264,
        "ICAT Score": 72.1968762271826
      },
      "profession": {
        "Count": 7194.0,
        "LM Score": 90.53020539993061,
        "SS Score": 60.558126438407804,
        "ICAT Score": 71.41361829778067
      },
      "race": {
        "Count": 8928.0,
        "LM Score": 91.04647474839602,
        "SS Score": 59.53192589964091,
        "ICAT Score": 73.68950973389126
      },
      "overall": {
        "Count": 6392.0,
        "LM Score": 90.88003662528206,
        "SS Score": 60.13905063810856,
        "ICAT Score": 72.45129075854415
      }
    },
    "overall": {
      "Count": 6392.0,
      "LM Score": 90.88003662528206,
      "SS Score": 60.13905063810856,
      "ICAT Score": 72.45129075854415
    }
  }
}