{
  "gpt2_small_4epochs_stereoset_m-CDAGPT2LMHeadModel_c-gpt2_t-gender_s-42": {
    "intrasentence": {
      "gender": {
        "Count": 2313.0,
        "LM Score": 89.3255571182108,
        "SS Score": 58.56768346780841,
        "ICAT Score": 74.01929513872139
      },
      "overall": {
        "Count": 6392.0,
        "LM Score": 86.6284228853881,
        "SS Score": 56.71386371269431,
        "ICAT Score": 74.9961943874252
      }
    },
    "overall": {
      "Count": 6392.0,
      "LM Score": 86.6284228853881,
      "SS Score": 56.71386371269431,
      "ICAT Score": 74.9961943874252
    }
  }
}